date,time,ip
20210101,100352,192168001010
20210101,110411,192168001010
20210101,125609,192168001010
20210102,100722,192168001010
20210102,130351,192168001010
20210102,142337,192168001010
20210103,90112,192168001010
20210103,100312,192168001010
20210103,151111,192168001010
20210103,100352,10175021210
20210104,43211,192168001010
20210104,91451,192168001010
20210104,101223,192168001010
20210105,92701,192168001010
20210105,113211,192168001010
20210105,121504,192168001010
20210105,144604,192168001010
20210106,155901,192168001010
20210107,111109,192168001010
20210107,160001,192168001010
20210108,90101,192168001010
20210108,154556,192168001010
20210108,160504,192168001010
20210109,160032,192168001010
20210110,90000,192168001010
20210110,101724,192168001010
20210110,160341,192168001010
20210101,100221,192168001033
20210101,103305,192168001033
20210101,120603,192168001033
20210102,110409,192168001033
20210102,130350,192168001033
20210102,142132,192168001033
20210103,93112,192168001033
20210103,101318,192168001033
20210103,151121,192168001033
